auto_01;auto;
auto_02;auto;
auto_03;auto;
auto_04;auto;
auto_05;auto;
auto_06;auto;
auto_07;auto;
auto_08;auto;
auto_09;auto;
auto_10;auto;
auto_11;auto;
auto_12;auto;
auto_13;auto;
auto_14;auto;
auto_15;auto;
auto_16;auto;
auto_17;auto;
auto_18;auto;
auto_19;auto;
auto_20;auto;
auto_21;auto;
auto_22;auto;
auto_23;auto;
auto_24;auto;
auto_25;auto;
auto_26;auto;
auto_27;auto;
auto_28;auto;
auto_29;auto;
auto_30;auto;
auto_31;auto;
auto_32;auto;
auto_33;auto;
auto_34;auto;
auto_35;auto;
centrocommerciale_01;centro;commerciale
centrocommerciale_02;centro;commerciale
centrocommerciale_03;centro;commerciale
centrocommerciale_04;centro;commerciale
centrocommerciale_05;centro;commerciale
centrocommerciale_06;centro;commerciale
centrocommerciale_07;centro;commerciale
centrocommerciale_08;centro;commerciale
centrocommerciale_09;centro;commerciale
centrocommerciale_10;centro;commerciale
centrocommerciale_11;centro;commerciale
centrocommerciale_12;centro;commerciale
centrocommerciale_13;centro;commerciale
centrocommerciale_14;centro;commerciale
centrocommerciale_15;centro;commerciale
centrocommerciale_16;centro;commerciale
centrocommerciale_17;centro;commerciale
centrocommerciale_18;centro;commerciale
centrocommerciale_19;centro;commerciale
centrocommerciale_20;centro;commerciale
centrocommerciale_21;centro;commerciale
centrocommerciale_22;centro;commerciale
centrocommerciale_23;centro;commerciale
centrocommerciale_24;centro;commerciale
centrocommerciale_25;centro;commerciale
centrocommerciale_26;centro;commerciale
centrocommerciale_27;centro;commerciale
centrocommerciale_28;centro;commerciale
centrocommerciale_29;centro;commerciale
parco_01;parco;
parco_02;parco;
parco_03;parco;
parco_04;parco;
parco_05;parco;
parco_06;parco;
parco_07;parco;
parco_08;parco;
parco_09;parco;
parco_10;parco;
parco_11;parco;
parco_12;parco;
parco_13;parco;
parco_14;parco;
parco_15;parco;
parco_16;parco;
parco_17;parco;
parco_18;parco;
parco_19;parco;
parco_20;parco;
parco_21;parco;
parco_22;parco;
parco_23;parco;
parco_24;parco;
parco_25;parco;
parco_26;parco;
parco_27;parco;
parco_28;parco;
parco_29;parco;
parco_30;parco;
parco_31;parco;
parco_32;parco;
parco_33;parco;
parco_34;parco;
parco_35;parco;
parco_36;parco;
parco_37;parco;
parco_38;parco;
parco_39;parco;
parco_40;parco;
parco_41;parco;
parco_42;parco;
parco_43;parco;
parco_44;parco;
parco_45;parco;
parco_46;parco;
parco_47;parco;
parco_48;parco;
parco_49;parco;
parco_50;parco;
ristorante_01;ristorante;
ristorante_02;ristorante;
ristorante_03;ristorante;
ristorante_04;ristorante;
ristorante_05;ristorante;
ristorante_06;ristorante;
ristorante_07;ristorante;
ristorante_08;ristorante;
ristorante_09;ristorante;
ristorante_10;ristorante;
ristorante_11;ristorante;
ristorante_12;ristorante;
ristorante_13;ristorante;
ristorante_14;ristorante;
ristorante_15;ristorante;
ristorante_16;ristorante;
ristorante_17;ristorante;
ristorante_18;ristorante;
ristorante_19;ristorante;
ristorante_20;ristorante;
